Time;Application throughput downlink;Ping round trip time;RS SNR;RSRQ (detected) - 1;RSRQ (detected) - 2;RSRQ (detected) - 3;RSRQ (detected) - 4;RSRQ (detected) - 5;RSRQ (detected) - 6;RSRP (detected) - 1;RSRP (detected) - 2;RSRP (detected) - 3;RSRP (detected) - 4;RSRP (detected) - 5;RSRP (detected) - 6
14:07:26.000;;;;-20.0; -20.0;;;;;-90.0; -90.0;;;;
14:07:26.000;;;20.2;;;;;;;;;;;;
14:07:26.543;6.9;;;;;;;;;;;;;;
14:07:26.718;;;;-20.0; -20.0;;;;;-87.0; -88.0;;;;
14:07:26.718;;;22.1;;;;;;;;;;;;
14:07:27.399;;;;-20.0; -20.0;;;;;-95.0; -96.0;;;;
14:07:27.399;;;23.6;;;;;;;;;;;;
14:07:27.559;6.8;;;;;;;;;;;;;;
14:07:28.122;;;;-20.0; -20.0;;;;;-95.0; -95.0;;;;
14:07:28.122;;;22.7;;;;;;;;;;;;
14:07:28.567;6.8;;;;;;;;;;;;;;
14:07:28.800;;;;-20.0; -20.0;;;;;-88.0; -89.0;;;;
14:07:28.800;;;24.9;;;;;;;;;;;;
14:07:29.518;;;;-20.0; -20.0;;;;;-86.0; -89.0;;;;
14:07:29.518;;;24.9;;;;;;;;;;;;
14:07:29.575;6.9;;;;;;;;;;;;;;
14:07:30.201;;;;-20.0; -20.0; -20.0; -20.0;;;-88.0; -92.0; -92.0; -92.0;;
14:07:30.201;;;25.3;;;;;;;;;;;;
14:07:30.592;6.8;;;;;;;;;;;;;;
14:07:30.919;;;;-19.5; -16.5; -20.0; -20.0;;;-90.0; -92.0; -94.0; -94.0;;
14:07:30.919;;;22.9;;;;;;;;;;;;
14:07:31.598;6.8;;;;;;;;;;;;;;
14:07:31.601;;;;-19.5; -20.0; -20.0; -20.0; -20.0;;-88.0; -90.0; -90.0; -91.0; -91.0;
14:07:31.601;;;23.4;;;;;;;;;;;;
14:07:32.281;;;;-20.0; -20.0; -20.0; -20.0; -20.0;;-87.0; -87.0; -89.0; -89.0; -89.0;
14:07:32.281;;;25.3;;;;;;;;;;;;
14:07:32.614;6.7;;;;;;;;;;;;;;
14:07:32.962;;;;-20.0; -19.5; -20.0; -20.0; -20.0; -20.0;-86.0; -86.0; -88.0; -88.0; -89.0; -89.0
14:07:32.962;;;26.8;;;;;;;;;;;;
14:07:33.622;6.9;;;;;;;;;;;;;;
14:07:33.641;;;;-20.0; -20.0; -20.0; -20.0; -20.0; -20.0;-85.0; -86.0; -86.0; -86.0; -86.0; -87.0
14:07:33.641;;;28.3;;;;;;;;;;;;
14:07:34.321;;;;-20.0; -19.5; -20.0; -20.0; -20.0; -20.0;-89.0; -89.0; -91.0; -92.0; -93.0; -93.0
14:07:34.321;;;24.6;;;;;;;;;;;;
14:07:34.637;6.9;;;;;;;;;;;;;;
14:07:35.041;;;;-20.0; -20.0; -20.0; -20.0; -20.0; -20.0;-84.0; -84.0; -85.0; -85.0; -86.0; -86.0
14:07:35.041;;;26.9;;;;;;;;;;;;
14:07:35.654;6.6;;;;;;;;;;;;;;
14:07:35.760;;;;-20.0; -20.0; -20.0; -20.0; -20.0;;-87.0; -88.0; -88.0; -89.0; -89.0;
14:07:35.760;;;24.7;;;;;;;;;;;;
14:07:36.480;;;;-20.0; -20.0; -20.0; -20.0; -20.0; -20.0;-85.0; -85.0; -86.0; -86.0; -86.0; -86.0
14:07:36.480;;;23.9;;;;;;;;;;;;
14:07:36.670;6.7;;;;;;;;;;;;;;
14:07:37.201;;;;-19.5; -20.0; -20.0; -20.0; -20.0; -20.0;-89.0; -91.0; -92.0; -92.0; -92.0; -92.0
14:07:37.201;;;25.5;;;;;;;;;;;;
14:07:37.685;6.5;;;;;;;;;;;;;;
14:07:37.881;;;;-20.0; -20.0; -20.0; -20.0; -20.0; -20.0;-91.0; -91.0; -91.0; -91.0; -92.0; -92.0
14:07:37.881;;;25.0;;;;;;;;;;;;
14:07:38.600;;;;-20.0; -20.0; -20.0; -20.0; -20.0;;-87.0; -88.0; -88.0; -89.0; -90.0;
14:07:38.600;;;26.1;;;;;;;;;;;;
14:07:38.693;6.7;;;;;;;;;;;;;;
14:07:39.280;;;;-20.0; -20.0; -20.0; -20.0; -20.0; -20.0;-84.0; -85.0; -85.0; -85.0; -85.0; -86.0
14:07:39.280;;;25.2;;;;;;;;;;;;
14:07:39.700;6.5;;;;;;;;;;;;;;
14:07:39.961;;;;-20.0; -20.0; -20.0; -20.0; -20.0; -20.0;-85.0; -85.0; -86.0; -87.0; -87.0; -87.0
14:07:39.961;;;28.3;;;;;;;;;;;;
14:07:40.642;;;;-20.0; -20.0; -20.0; -20.0; -20.0; -20.0;-84.0; -85.0; -85.0; -85.0; -85.0; -86.0
14:07:40.642;;;27.5;;;;;;;;;;;;
14:07:40.716;6.6;;;;;;;;;;;;;;
14:07:41.359;;;;-20.0; -20.0; -20.0; -20.0;;;-90.0; -91.0; -92.0; -92.0;;
14:07:41.359;;;27.3;;;;;;;;;;;;
14:07:41.733;6.7;;;;;;;;;;;;;;
14:07:42.042;;;;-20.0; -20.0; -20.0; -20.0; -20.0;;-87.0; -88.0; -88.0; -89.0; -89.0;
14:07:42.042;;;28.1;;;;;;;;;;;;
14:07:42.739;6.5;;;;;;;;;;;;;;
14:07:42.759;;;;-20.0; -20.0; -20.0; -20.0;;;-86.0; -88.0; -88.0; -89.0;;
14:07:42.759;;;28.2;;;;;;;;;;;;
14:07:43.439;;;;-20.0; -20.0; -20.0; -20.0;;;-85.0; -85.0; -86.0; -86.0;;
14:07:43.439;;;27.7;;;;;;;;;;;;
14:07:43.754;6.6;;;;;;;;;;;;;;
14:07:44.159;;;;-20.0; -20.0; -20.0; -20.0;;;-80.0; -80.0; -81.0; -82.0;;
14:07:44.159;;;28.3;;;;;;;;;;;;
14:07:44.771;6.4;;;;;;;;;;;;;;
14:07:44.878;;;;-20.0; -20.0; -20.0;;;;-85.0; -85.0; -87.0;;;
14:07:44.878;;;26.5;;;;;;;;;;;;
14:07:45.558;;;;-20.0; -20.0; -20.0;;;;-82.0; -83.0; -83.0;;;
14:07:45.558;;;26.1;;;;;;;;;;;;
14:07:45.778;6.6;;;;;;;;;;;;;;
14:07:46.238;;;;-20.0; -20.0; -20.0;;;;-85.0; -85.0; -85.0;;;
14:07:46.238;;;28.2;;;;;;;;;;;;
14:07:46.795;6.5;;;;;;;;;;;;;;
14:07:46.918;;;;-20.0; -20.0; -20.0;;;;-80.0; -80.0; -81.0;;;
14:07:46.918;;;28.8;;;;;;;;;;;;
14:07:47.639;;;;-20.0; -20.0;;;;;-83.0; -84.0;;;;
14:07:47.639;;;28.4;;;;;;;;;;;;
14:07:47.811;6.5;;;;;;;;;;;;;;
14:07:48.359;;;;-20.0; -20.0;;;;;-82.0; -82.0;;;;
14:07:48.359;;;27.7;;;;;;;;;;;;
14:07:48.825;6.3;;;;;;;;;;;;;;
14:07:49.039;;;;-20.0; -20.0;;;;;-87.0; -89.0;;;;
14:07:49.039;;;28.4;;;;;;;;;;;;
14:07:49.759;;;;-20.0; -20.0;;;;;-87.0; -89.0;;;;
14:07:49.759;;;28.0;;;;;;;;;;;;
14:07:49.833;6.4;;;;;;;;;;;;;;
14:07:50.479;;;;-20.0; -20.0;;;;;-89.0; -90.0;;;;
14:07:50.479;;;27.6;;;;;;;;;;;;
14:07:50.850;6.8;;;;;;;;;;;;;;
14:07:51.159;;;;-20.0; -20.0;;;;;-87.0; -89.0;;;;
14:07:51.159;;;27.6;;;;;;;;;;;;
14:07:51.872;6.7;;;;;;;;;;;;;;
14:07:51.879;;;;-20.0; -20.0;;;;;-89.0; -89.0;;;;
14:07:51.879;;;27.3;;;;;;;;;;;;
14:07:52.559;;;;-20.0; -20.0;;;;;-84.0; -87.0;;;;
14:07:52.559;;;27.0;;;;;;;;;;;;
14:07:52.873;6.7;;;;;;;;;;;;;;
14:07:53.279;;;;-20.0; -20.0;;;;;-85.0; -85.0;;;;
14:07:53.279;;;28.7;;;;;;;;;;;;
14:07:53.887;6.6;;;;;;;;;;;;;;
14:07:53.958;;;;-20.0; -20.0;;;;;-78.0; -79.0;;;;
14:07:53.958;;;28.9;;;;;;;;;;;;
14:07:54.639;;;;-20.0; -20.0;;;;;-79.0; -79.0;;;;
14:07:54.639;;;29.0;;;;;;;;;;;;
14:07:54.904;6.6;;;;;;;;;;;;;;
14:07:55.318;;;;-20.0; -20.0;;;;;-83.0; -83.0;;;;
14:07:55.318;;;29.1;;;;;;;;;;;;
14:07:55.920;6.8;;;;;;;;;;;;;;
14:07:55.999;;;;-20.0; -20.0;;;;;-81.0; -83.0;;;;
14:07:55.999;;;28.0;;;;;;;;;;;;
14:07:56.719;;;;-20.0; -20.0;;;;;-86.0; -86.0;;;;
14:07:56.719;;;27.8;;;;;;;;;;;;
14:07:57.670;;;;-20.0; -20.0;;;;;-81.0; -84.0;;;;
14:07:57.670;;;29.4;;;;;;;;;;;;
14:07:58.629;;;;-20.0; -20.0;;;;;-85.0; -87.0;;;;
14:07:58.629;;;26.4;;;;;;;;;;;;
14:07:59.913;;;;-20.0; -20.0;;;;;-90.0; -91.0;;;;
14:07:59.913;;;26.6;;;;;;;;;;;;
14:08:00.873;;;;-20.0; -20.0;;;;;-89.0; -90.0;;;;
14:08:00.873;;;28.9;;;;;;;;;;;;
14:08:01.833;;;;-20.0; -20.0;;;;;-87.0; -88.0;;;;
14:08:01.833;;;24.7;;;;;;;;;;;;
14:08:02.793;;;;-20.0; -20.0;;;;;-87.0; -89.0;;;;
14:08:02.793;;;24.4;;;;;;;;;;;;
14:08:03.752;;;;-20.0; -20.0;;;;;-86.0; -88.0;;;;
14:08:03.752;;;24.5;;;;;;;;;;;;
14:08:05.033;;;;-19.5; -20.0;;;;;-87.0; -89.0;;;;
14:08:05.033;;;24.4;;;;;;;;;;;;
14:08:05.993;;;;-20.0; -20.0;;;;;-90.0; -90.0;;;;
14:08:05.993;;;24.2;;;;;;;;;;;;
14:08:08.447;;;26.8;;;;;;;;;;;;
14:08:09.731;;;27.0;;;;;;;;;;;;
14:08:11.012;;;30.0;;;;;;;;;;;;
14:08:12.331;;;26.0;;;;;;;;;;;;
14:08:12.572;;137;;;;;;;;;;;;;
14:08:13.222;;;27.4;;;;;;;;;;;;
14:08:13.422;;39;;;;;;;;;;;;;
14:08:13.903;;;26.6;;;;;;;;;;;;
14:08:14.446;;63;;;;;;;;;;;;;
14:08:14.594;;;26.9;;;;;;;;;;;;
14:08:15.314;;;27.1;;;;;;;;;;;;
14:08:15.456;;35;;;;;;;;;;;;;
14:08:16.142;;;;-20.0;;;;;;-86.0;;;;;
14:08:16.142;;;26.1;;;;;;;;;;;;
14:08:16.442;;36;;;;;;;;;;;;;
14:08:17.116;;;;-20.0;;;;;;-89.0;;;;;
14:08:17.116;;;27.1;;;;;;;;;;;;
14:08:17.451;;52;;;;;;;;;;;;;
14:08:18.058;;;;-20.0;;;;;;-85.0;;;;;
14:08:18.058;;;26.6;;;;;;;;;;;;
14:08:18.445;;32;;;;;;;;;;;;;
14:08:19.019;;;;-20.0;;;;;;-84.0;;;;;
14:08:19.019;;;26.3;;;;;;;;;;;;
14:08:19.464;;41;;;;;;;;;;;;;
14:08:20.004;;;;-20.0;;;;;;-86.0;;;;;
14:08:20.004;;;28.4;;;;;;;;;;;;
14:08:20.451;;39;;;;;;;;;;;;;
14:08:20.965;;;;-20.0;;;;;;-89.0;;;;;
14:08:20.965;;;26.3;;;;;;;;;;;;
14:08:21.467;;37;;;;;;;;;;;;;
14:08:21.926;;;;-20.0;;;;;;-88.0;;;;;
14:08:21.926;;;24.5;;;;;;;;;;;;
14:08:22.859;;;;-20.0;;;;;;-87.0;;;;;
14:08:22.859;;;27.4;;;;;;;;;;;;
14:08:23.819;;;;-20.0;;;;;;-85.0;;;;;
14:08:23.819;;;26.6;;;;;;;;;;;;
14:08:24.783;;;;-20.0;;;;;;-87.0;;;;;
14:08:24.783;;;27.6;;;;;;;;;;;;
14:08:25.743;;;;-20.0;;;;;;-86.0;;;;;
14:08:25.743;;;28.3;;;;;;;;;;;;
14:08:26.703;;;;-20.0;;;;;;-85.0;;;;;
14:08:26.703;;;27.3;;;;;;;;;;;;
14:08:27.662;;;;-20.0;;;;;;-85.0;;;;;
14:08:27.662;;;26.5;;;;;;;;;;;;
14:08:28.623;;;;-20.0;;;;;;-85.0;;;;;
14:08:28.623;;;27.8;;;;;;;;;;;;
14:08:29.903;;;27.1;;;;;;;;;;;;
14:08:30.863;;;28.0;;;;;;;;;;;;
14:08:32.770;;;26.0;;;;;;;;;;;;
14:08:34.051;;;25.5;;;;;;;;;;;;
14:08:35.332;;;23.0;;;;;;;;;;;;
14:08:36.614;;;27.0;;;;;;;;;;;;
14:08:37.423;;;26.5;;;;;;;;;;;;
14:08:38.144;;;25.8;;;;;;;;;;;;
14:08:38.521;8.8;;;;;;;;;;;;;;
14:08:38.783;;;27.2;;;;;;;;;;;;
14:08:39.466;;;26.7;;;;;;;;;;;;
14:08:39.522;7.9;;;;;;;;;;;;;;
14:08:40.539;6.3;;;;;;;;;;;;;;
14:08:40.862;;;26.8;;;;;;;;;;;;
14:08:41.543;;;26.7;;;;;;;;;;;;
14:08:41.568;6.6;;;;;;;;;;;;;;
14:08:42.262;;;28.0;;;;;;;;;;;;
14:08:42.608;6.7;;;;;;;;;;;;;;
14:08:42.943;;;26.9;;;;;;;;;;;;
14:08:43.610;6.9;;;;;;;;;;;;;;
14:08:43.669;;;28.5;;;;;;;;;;;;
14:08:44.343;;;27.1;;;;;;;;;;;;
14:08:44.621;6.8;;;;;;;;;;;;;;
14:08:45.043;;;27.4;;;;;;;;;;;;
14:08:45.643;6.6;;;;;;;;;;;;;;
14:08:45.708;;;25.7;;;;;;;;;;;;
14:08:46.423;;;25.5;;;;;;;;;;;;
14:08:46.655;6.8;;;;;;;;;;;;;;
14:08:47.148;;;28.3;;;;;;;;;;;;
14:08:47.661;6.7;;;;;;;;;;;;;;
14:08:47.783;;;26.1;;;;;;;;;;;;
14:08:48.505;;;27.5;;;;;;;;;;;;
14:08:48.679;6.6;;;;;;;;;;;;;;
14:08:49.184;;;27.2;;;;;;;;;;;;
14:08:49.696;6.5;;;;;;;;;;;;;;
14:08:49.864;;;27.2;;;;;;;;;;;;
14:08:50.544;;;26.5;;;;;;;;;;;;
14:08:50.710;6.6;;;;;;;;;;;;;;
14:08:51.223;;;27.2;;;;;;;;;;;;
14:08:51.730;6.3;;;;;;;;;;;;;;
14:08:51.903;;;26.1;;;;;;;;;;;;
14:08:52.583;;;26.7;;;;;;;;;;;;
14:08:52.730;6.3;;;;;;;;;;;;;;
14:08:53.270;;;26.5;;;;;;;;;;;;
14:08:53.749;6.6;;;;;;;;;;;;;;
14:08:53.950;;;24.9;;;;;;;;;;;;
14:08:54.668;;;25.9;;;;;;;;;;;;
14:08:54.770;6.6;;;;;;;;;;;;;;
14:08:55.343;;;28.1;;;;;;;;;;;;
14:08:55.775;6.9;;;;;;;;;;;;;;
14:08:56.067;;;25.4;;;;;;;;;;;;
14:08:56.782;6.7;;;;;;;;;;;;;;
14:08:56.783;;;28.5;;;;;;;;;;;;
14:08:57.463;;;27.1;;;;;;;;;;;;
14:08:57.790;6.7;;;;;;;;;;;;;;
14:08:58.185;;;26.5;;;;;;;;;;;;
14:08:58.818;6.6;;;;;;;;;;;;;;
14:08:58.868;;;27.1;;;;;;;;;;;;
14:08:59.543;;;26.9;;;;;;;;;;;;
14:08:59.848;6.5;;;;;;;;;;;;;;
14:09:00.224;;;24.6;;;;;;;;;;;;
14:09:00.849;6.5;;;;;;;;;;;;;;
14:09:00.949;;;26.1;;;;;;;;;;;;
14:09:01.623;;;27.1;;;;;;;;;;;;
14:09:01.864;6.5;;;;;;;;;;;;;;
14:09:02.309;;;27.2;;;;;;;;;;;;
14:09:02.881;6.4;;;;;;;;;;;;;;
14:09:02.989;;;24.7;;;;;;;;;;;;
14:09:03.663;;;24.3;;;;;;;;;;;;
14:09:03.897;5.9;;;;;;;;;;;;;;
14:09:04.343;;;22.9;;;;;;;;;;;;
14:09:04.913;6.4;;;;;;;;;;;;;;
14:09:05.024;;;21.6;;;;;;;;;;;;
14:09:05.747;;;24.5;;;;;;;;;;;;
14:09:05.930;6.5;;;;;;;;;;;;;;
14:09:06.426;;;27.4;;;;;;;;;;;;
14:09:06.935;6.8;;;;;;;;;;;;;;
14:09:07.146;;;24.0;;;;;;;;;;;;
14:09:07.823;;;23.8;;;;;;;;;;;;
14:09:08.503;;;24.9;;;;;;;;;;;;
14:09:09.299;;;23.9;;;;;;;;;;;;
14:09:10.258;;;26.8;;;;;;;;;;;;
14:09:11.223;;;23.8;;;;;;;;;;;;
14:09:12.185;;;28.3;;;;;;;;;;;;
14:09:13.192;;;24.2;;;;;;;;;;;;
14:09:14.127;;;23.6;;;;;;;;;;;;
14:09:15.063;;;23.6;;;;;;;;;;;;
14:09:16.023;;;26.1;;;;;;;;;;;;
14:09:16.979;;;;-19.5;;;;;;-83.0;;;;;
14:09:16.979;;;25.6;;;;;;;;;;;;
14:09:17.939;;;;-20.0;;;;;;-85.0;;;;;
14:09:17.939;;;26.1;;;;;;;;;;;;
14:09:19.223;;;;-19.0;;;;;;-85.0;;;;;
14:09:19.223;;;24.6;;;;;;;;;;;;
14:09:20.184;;;;-19.0;;;;;;-85.0;;;;;
14:09:20.184;;;24.9;;;;;;;;;;;;
14:09:21.149;;;;-20.0;;;;;;-83.0;;;;;
14:09:21.149;;;23.7;;;;;;;;;;;;
14:09:22.127;;;;-20.0;;;;;;-87.0;;;;;
14:09:22.127;;;23.1;;;;;;;;;;;;
14:09:23.063;;;;-20.0;;;;;;-87.0;;;;;
14:09:23.063;;;22.2;;;;;;;;;;;;
14:09:23.678;;39;;;;;;;;;;;;;
14:09:24.340;;;;-20.0; -20.0;;;;;-85.0; -87.0;;;;
14:09:24.340;;;24.0;;;;;;;;;;;;
14:09:24.378;;46;;;;;;;;;;;;;
14:09:25.300;;;;-20.0; -19.0;;;;;-86.0; -87.0;;;;
14:09:25.300;;;25.4;;;;;;;;;;;;
14:09:25.409;;38;;;;;;;;;;;;;
14:09:26.260;;;;-17.0; -20.0;;;;;-87.0; -87.0;;;;
14:09:26.260;;;22.8;;;;;;;;;;;;
14:09:26.411;;36;;;;;;;;;;;;;
14:09:27.220;;;;-18.0; -20.0; -20.0;;;;-85.0; -89.0; -91.0;;;
14:09:27.220;;;25.6;;;;;;;;;;;;
14:09:27.411;;35;;;;;;;;;;;;;
14:09:28.180;;;;-17.0; -20.0; -20.0;;;;-85.0; -90.0; -91.0;;;
14:09:28.180;;;21.8;;;;;;;;;;;;
14:09:28.413;;33;;;;;;;;;;;;;
14:09:29.147;;;;-19.0; -20.0; -20.0;;;;-86.0; -87.0; -89.0;;;
14:09:29.147;;;25.0;;;;;;;;;;;;
14:09:29.417;;41;;;;;;;;;;;;;
14:09:30.127;;;;-13.5; -12.5; -20.0; -20.0;;;-76.0; -79.0; -85.0; -87.0;;
14:09:30.127;;;15.8;;;;;;;;;;;;
14:09:30.424;;55;;;;;;;;;;;;;
14:09:31.061;;;;-13.0; -16.0; -20.0; -20.0;;;-80.0; -82.0; -90.0; -90.0;;
14:09:31.061;;;16.1;;;;;;;;;;;;
14:09:31.422;;37;;;;;;;;;;;;;
14:09:32.047;;;;-14.0; -18.0; -20.0;;;;-84.0; -87.0; -93.0;;;
14:09:32.047;;;15.1;;;;;;;;;;;;
14:09:32.443;;35;;;;;;;;;;;;;
14:09:32.727;;;;-11.5; -14.0; -20.0;;;;-80.0; -82.0; -91.0;;;
14:09:32.727;;;16.0;;;;;;;;;;;;
14:09:33.620;;;;-13.0; -13.0; -20.0;;;;-81.0; -81.0; -91.0;;;
14:09:33.620;;;15.3;;;;;;;;;;;;
14:09:34.580;;;;-14.0; -12.5; -20.0;;;;-82.0; -83.0; -91.0;;;
14:09:34.580;;;17.8;;;;;;;;;;;;
14:09:35.543;;;;-14.0; -13.5;;;;;-77.0; -82.0;;;;
14:09:35.543;;;14.8;;;;;;;;;;;;
14:09:36.503;;;;-13.5; -20.0;;;;;-76.0; -82.0;;;;
14:09:36.503;;;14.8;;;;;;;;;;;;
14:09:37.463;;;;-18.0; -20.0;;;;;-82.0; -85.0;;;;
14:09:37.463;;;20.5;;;;;;;;;;;;
14:09:38.422;;;;-19.0; -20.0;;;;;-82.0; -86.0;;;;
14:09:38.422;;;24.0;;;;;;;;;;;;
14:09:39.383;;;;-19.0; -20.0;;;;;-82.0; -85.0;;;;
14:09:39.383;;;23.2;;;;;;;;;;;;
14:09:40.343;;;;-19.5; -20.0;;;;;-84.0; -87.0;;;;
14:09:40.343;;;23.3;;;;;;;;;;;;
14:09:41.303;;;;-18.5; -20.0;;;;;-84.0; -89.0;;;;
14:09:41.303;;;24.8;;;;;;;;;;;;
14:09:42.263;;;;-13.5; -17.5;;;;;-78.0; -83.0;;;;
14:09:42.263;;;16.4;;;;;;;;;;;;
14:09:44.450;;;15.4;;;;;;;;;;;;
14:09:45.731;;;;-13.5;;;;;;-76.0;;;;;
14:09:45.731;;;12.5;;;;;;;;;;;;
14:09:47.012;;;;-14.5;;;;;;-77.0;;;;;
14:09:47.012;;;14.5;;;;;;;;;;;;
14:09:48.308;;;;-10.5; -20.0;;;;;-76.0; -89.0;;;;
14:09:48.308;;;15.1;;;;;;;;;;;;
14:09:48.989;;;;-14.0; -20.0;;;;;-78.0; -88.0;;;;
14:09:48.989;;;16.8;;;;;;;;;;;;
14:09:49.537;10.4;;;;;;;;;;;;;;
14:09:49.707;;;;-12.5; -20.0;;;;;-78.0; -89.0;;;;
14:09:49.707;;;17.3;;;;;;;;;;;;
14:09:50.388;;;;-18.5; -19.0;;;;;-78.0; -84.0;;;;
14:09:50.388;;;18.5;;;;;;;;;;;;
14:09:50.544;6.8;;;;;;;;;;;;;;
14:09:51.109;;;;-16.5; -20.0;;;;;-79.0; -85.0;;;;
14:09:51.109;;;16.7;;;;;;;;;;;;
14:09:51.551;6.6;;;;;;;;;;;;;;
14:09:51.857;;;;-15.5; -17.5;;;;;-84.0; -88.0;;;;
14:09:51.857;;;16.5;;;;;;;;;;;;
14:09:52.509;;;;-14.5; -20.0;;;;;-82.0; -88.0;;;;
14:09:52.509;;;17.1;;;;;;;;;;;;
14:09:52.560;6.4;;;;;;;;;;;;;;
14:09:53.227;;;;-20.0; -20.0;;;;;-84.0; -87.0;;;;
14:09:53.227;;;18.0;;;;;;;;;;;;
14:09:53.594;6.7;;;;;;;;;;;;;;
14:09:53.907;;;;-19.5; -20.0;;;;;-81.0; -85.0;;;;
14:09:53.907;;;18.6;;;;;;;;;;;;
14:09:54.599;6.9;;;;;;;;;;;;;;
14:09:54.627;;;;-20.0; -20.0;;;;;-86.0; -87.0;;;;
14:09:54.627;;;18.5;;;;;;;;;;;;
14:09:55.308;;;;-16.5; -20.0;;;;;-77.0; -84.0;;;;
14:09:55.308;;;17.3;;;;;;;;;;;;
14:09:55.604;6.8;;;;;;;;;;;;;;
14:09:55.989;;;;-15.0; -20.0;;;;;-78.0; -83.0;;;;
14:09:55.989;;;18.4;;;;;;;;;;;;
14:09:56.611;6.9;;;;;;;;;;;;;;
14:09:56.669;;;;-12.5; -20.0;;;;;-76.0; -87.0;;;;
14:09:56.669;;;18.1;;;;;;;;;;;;
14:09:57.351;;;;-20.0; -20.0;;;;;-83.0; -84.0;;;;
14:09:57.351;;;18.4;;;;;;;;;;;;
14:09:57.638;6.7;;;;;;;;;;;;;;
14:09:58.076;;;;-19.0; -20.0;;;;;-82.0; -85.0;;;;
14:09:58.076;;;19.5;;;;;;;;;;;;
14:09:58.646;6.8;;;;;;;;;;;;;;
14:09:58.748;;;;-18.5; -20.0;;;;;-83.0; -88.0;;;;
14:09:58.748;;;17.6;;;;;;;;;;;;
14:09:59.473;;;;-20.0; -20.0;;;;;-81.0; -85.0;;;;
14:09:59.473;;;17.8;;;;;;;;;;;;
14:09:59.676;7.0;;;;;;;;;;;;;;
14:10:00.163;;;;-20.0; -20.0;;;;;-84.0; -84.0;;;;
14:10:00.163;;;18.2;;;;;;;;;;;;
14:10:00.694;6.8;;;;;;;;;;;;;;
14:10:00.872;;;;-16.5; -20.0;;;;;-81.0; -85.0;;;;
14:10:00.872;;;18.2;;;;;;;;;;;;
14:10:01.551;;;;-20.0; -20.0;;;;;-84.0; -85.0;;;;
14:10:01.551;;;17.6;;;;;;;;;;;;
14:10:01.696;7.0;;;;;;;;;;;;;;
14:10:02.249;;;;-17.5; -20.0;;;;;-84.0; -87.0;;;;
14:10:02.249;;;17.5;;;;;;;;;;;;
14:10:02.708;6.8;;;;;;;;;;;;;;
14:10:02.948;;;;-17.5; -20.0;;;;;-82.0; -82.0;;;;
14:10:02.948;;;17.9;;;;;;;;;;;;
14:10:03.628;;;;-19.5; -20.0;;;;;-83.0; -84.0;;;;
14:10:03.628;;;18.3;;;;;;;;;;;;
14:10:03.708;6.9;;;;;;;;;;;;;;
14:10:04.348;;;;-19.5; -20.0;;;;;-83.0; -85.0;;;;
14:10:04.348;;;18.8;;;;;;;;;;;;
14:10:04.709;6.8;;;;;;;;;;;;;;
14:10:05.028;;;;-13.5; -20.0;;;;;-79.0; -89.0;;;;
14:10:05.028;;;18.4;;;;;;;;;;;;
14:10:05.712;6.5;;;;;;;;;;;;;;
14:10:05.748;;;;-14.0; -20.0;;;;;-78.0; -86.0;;;;
14:10:05.748;;;16.9;;;;;;;;;;;;
14:10:06.429;;;;-17.5; -20.0;;;;;-77.0; -83.0;;;;
14:10:06.429;;;17.6;;;;;;;;;;;;
14:10:06.716;6.8;;;;;;;;;;;;;;
14:10:07.153;;;;-14.5; -20.0;;;;;-79.0; -87.0;;;;
14:10:07.153;;;19.7;;;;;;;;;;;;
14:10:07.716;7.0;;;;;;;;;;;;;;
14:10:07.870;;;;-12.5; -20.0;;;;;-81.0; -90.0;;;;
14:10:07.870;;;18.6;;;;;;;;;;;;
14:10:08.591;;;;-14.0; -20.0;;;;;-76.0; -85.0;;;;
14:10:08.591;;;18.4;;;;;;;;;;;;
14:10:08.716;6.4;;;;;;;;;;;;;;
14:10:09.267;;;;-18.5; -20.0;;;;;-81.0; -86.0;;;;
14:10:09.267;;;17.8;;;;;;;;;;;;
14:10:09.720;6.3;;;;;;;;;;;;;;
14:10:09.949;;;;-20.0; -20.0;;;;;-83.0; -85.0;;;;
14:10:09.949;;;19.6;;;;;;;;;;;;
14:10:10.667;;;;-17.0; -20.0;;;;;-83.0; -85.0;;;;
14:10:10.667;;;20.0;;;;;;;;;;;;
14:10:10.732;6.4;;;;;;;;;;;;;;
14:10:11.349;;;;-13.0; -20.0;;;;;-81.0; -91.0;;;;
14:10:11.349;;;18.6;;;;;;;;;;;;
14:10:11.740;6.4;;;;;;;;;;;;;;
14:10:12.748;6.9;;;;;;;;;;;;;;
14:10:12.748;;;;-19.5; -20.0;;;;;-80.0; -84.0;;;;
14:10:12.748;;;19.4;;;;;;;;;;;;
14:10:13.428;;;;-17.5; -20.0;;;;;-80.0; -83.0;;;;
14:10:13.428;;;18.8;;;;;;;;;;;;
14:10:13.751;6.8;;;;;;;;;;;;;;
14:10:14.114;;;;-19.5; -20.0;;;;;-82.0; -85.0;;;;
14:10:14.114;;;19.2;;;;;;;;;;;;
14:10:14.759;6.8;;;;;;;;;;;;;;
14:10:14.788;;;;-20.0; -20.0;;;;;-81.0; -84.0;;;;
14:10:14.788;;;18.5;;;;;;;;;;;;
14:10:15.468;;;;-17.0; -20.0;;;;;-79.0; -84.0;;;;
14:10:15.468;;;18.4;;;;;;;;;;;;
14:10:15.769;6.7;;;;;;;;;;;;;;
14:10:16.153;;;;-15.5; -20.0;;;;;-79.0; -86.0;;;;
14:10:16.153;;;17.1;;;;;;;;;;;;
14:10:16.779;6.8;;;;;;;;;;;;;;
14:10:16.867;;;;-18.0; -20.0;;;;;-82.0; -86.0;;;;
14:10:16.867;;;18.0;;;;;;;;;;;;
14:10:17.548;;;;-13.0; -20.0;;;;;-83.0; -86.0;;;;
14:10:17.548;;;17.2;;;;;;;;;;;;
14:10:17.789;6.8;;;;;;;;;;;;;;
14:10:18.231;;;;-14.0; -15.5;;;;;-82.0; -84.0;;;;
14:10:18.231;;;18.6;;;;;;;;;;;;
14:10:18.947;;;;-12.5; -20.0;;;;;-79.0; -88.0;;;;
14:10:18.947;;;17.9;;;;;;;;;;;;
14:10:19.744;;;;-10.5; -18.5;;;;;-80.0; -88.0;;;;
14:10:19.744;;;15.8;;;;;;;;;;;;
14:10:20.704;;;;-13.5; -20.0;;;;;-79.0; -87.0;;;;
14:10:20.704;;;19.6;;;;;;;;;;;;
14:10:21.986;;;;-14.0; -20.0;;;;;-82.0; -87.0;;;;
14:10:21.986;;;17.7;;;;;;;;;;;;
14:10:22.946;;;;-15.0; -20.0;;;;;-82.0; -85.0;;;;
14:10:22.946;;;18.3;;;;;;;;;;;;
14:10:23.907;;;;-15.0; -20.0;;;;;-81.0; -85.0;;;;
14:10:23.907;;;16.7;;;;;;;;;;;;
14:10:24.866;;;;-16.0; -20.0;;;;;-82.0; -86.0;;;;
14:10:24.866;;;17.4;;;;;;;;;;;;
14:10:25.827;;;;-14.5; -20.0;;;;;-82.0; -88.0;;;;
14:10:25.827;;;16.9;;;;;;;;;;;;
14:10:26.786;;;;-15.5; -20.0;;;;;-80.0; -86.0;;;;
14:10:26.786;;;18.6;;;;;;;;;;;;
14:10:27.746;;;;-15.0; -20.0;;;;;-80.0; -84.0;;;;
14:10:27.746;;;17.4;;;;;;;;;;;;
14:10:28.706;;;;-13.5; -20.0;;;;;-80.0; -85.0;;;;
14:10:28.706;;;17.0;;;;;;;;;;;;
14:10:30.528;;;;-13.0;;;;;;-75.0;;;;;
14:10:30.528;;;17.4;;;;;;;;;;;;
14:10:31.826;;;;-12.5;;;;;;-78.0;;;;;
14:10:31.826;;;14.4;;;;;;;;;;;;
14:10:32.506;;;;-12.5;;;;;;-80.0;;;;;
14:10:32.506;;;15.5;;;;;;;;;;;;
14:10:33.262;;;;-12.0;;;;;;-81.0;;;;;
14:10:33.262;;;17.1;;;;;;;;;;;;
14:10:34.239;;;;-11.0;;;;;;-76.0;;;;;
14:10:34.239;;;16.1;;;;;;;;;;;;
14:10:34.519;;48;;;;;;;;;;;;;
14:10:34.959;;;;-10.0;;;;;;-75.0;;;;;
14:10:34.959;;;16.7;;;;;;;;;;;;
14:10:34.979;;39;;;;;;;;;;;;;
14:10:35.639;;;;-10.5; -20.0;;;;;-76.0; -89.0;;;;
14:10:35.639;;;15.1;;;;;;;;;;;;
14:10:36.007;;36;;;;;;;;;;;;;
14:10:36.322;;;;-10.0; -20.0;;;;;-80.0; -93.0;;;;
14:10:36.322;;;12.3;;;;;;;;;;;;
14:10:37.004;;;;-11.0; -20.0;;;;;-81.0; -92.0;;;;
14:10:37.004;;;14.6;;;;;;;;;;;;
14:10:37.015;;35;;;;;;;;;;;;;
14:10:37.744;;;;-12.0; -20.0;;;;;-78.0; -91.0;;;;
14:10:37.744;;;16.2;;;;;;;;;;;;
14:10:38.015;;33;;;;;;;;;;;;;
14:10:38.704;;;;-10.0; -20.0; -20.0;;;;-77.0; -85.0; -88.0;;;
14:10:38.704;;;6.4;;;;;;;;;;;;
14:10:39.013;;41;;;;;;;;;;;;;
14:10:39.664;;;;-17.0; -20.0; -20.0;;;;-80.0; -85.0; -87.0;;;
14:10:39.664;;;21.2;;;;;;;;;;;;
14:10:39.987;;39;;;;;;;;;;;;;
14:10:40.623;;;;-14.0; -20.0;;;;;-80.0; -87.0;;;;
14:10:40.623;;;17.6;;;;;;;;;;;;
14:10:41.020;;28;;;;;;;;;;;;;
14:10:41.585;;;;-14.5; -18.5;;;;;-81.0; -83.0;;;;
14:10:41.585;;;19.5;;;;;;;;;;;;
14:10:42.031;;45;;;;;;;;;;;;;
14:10:42.304;;;;-15.5; -19.0;;;;;-80.0; -85.0;;;;
14:10:42.304;;;21.5;;;;;;;;;;;;
14:10:43.013;;;;-15.0; -19.5;;;;;-80.0; -84.0;;;;
14:10:43.013;;;18.3;;;;;;;;;;;;
14:10:43.049;;42;;;;;;;;;;;;;
14:10:43.823;;;;-15.0; -19.0;;;;;-81.0; -84.0;;;;
14:10:43.823;;;17.1;;;;;;;;;;;;
14:10:44.783;;;;-14.0; -18.5;;;;;-80.0; -84.0;;;;
14:10:44.783;;;11.2;;;;;;;;;;;;
14:10:46.084;;;;-13.0; -19.5;;;;;-81.0; -85.0;;;;
14:10:46.084;;;17.6;;;;;;;;;;;;
14:10:47.026;;;;-12.5; -20.0;;;;;-78.0; -87.0;;;;
14:10:47.026;;;18.4;;;;;;;;;;;;
14:10:47.987;;;;-11.5; -20.0;;;;;-80.0; -89.0;;;;
14:10:47.987;;;16.6;;;;;;;;;;;;
14:10:48.946;;;;-13.5; -20.0;;;;;-80.0; -87.0;;;;
14:10:48.946;;;17.0;;;;;;;;;;;;
14:10:49.907;;;;-14.5; -20.0;;;;;-78.0; -86.0;;;;
14:10:49.907;;;19.8;;;;;;;;;;;;
14:10:50.866;;;;-15.0; -20.0;;;;;-78.0; -86.0;;;;
14:10:50.866;;;16.7;;;;;;;;;;;;
14:10:51.826;;;;-15.0; -20.0;;;;;-79.0; -82.0;;;;
14:10:51.826;;;23.1;;;;;;;;;;;;
14:10:52.786;;;;-15.0; -17.5;;;;;-78.0; -80.0;;;;
14:10:52.786;;;19.9;;;;;;;;;;;;
14:10:54.848;;;18.5;;;;;;;;;;;;
14:10:56.148;;;18.5;;;;;;;;;;;;
14:10:58.051;;;14.5;;;;;;;;;;;;
14:10:58.708;;;;-12.5;;;;;;-79.0;;;;;
14:10:58.708;;;18.2;;;;;;;;;;;;
14:10:59.386;;;;-15.0; -19.5;;;;;-81.0; -86.0;;;;
14:10:59.386;;;18.5;;;;;;;;;;;;
14:11:00.028;8.8;;;;;;;;;;;;;;
14:11:00.147;;;;-19.0; -19.0;;;;;-82.0; -84.0;;;;
14:11:00.147;;;20.9;;;;;;;;;;;;
14:11:00.786;;;;-19.0; -20.0;;;;;-81.0; -84.0;;;;
14:11:00.786;;;19.0;;;;;;;;;;;;
14:11:01.049;6.7;;;;;;;;;;;;;;
14:11:01.468;;;;-20.0; -20.0;;;;;-81.0; -84.0;;;;
14:11:01.468;;;21.8;;;;;;;;;;;;
14:11:02.050;7.0;;;;;;;;;;;;;;
14:11:02.191;;;;-20.0; -20.0;;;;;-82.0; -84.0;;;;
14:11:02.191;;;20.1;;;;;;;;;;;;
14:11:02.871;;;;-18.0; -20.0;;;;;-80.0; -84.0;;;;
14:11:02.871;;;17.7;;;;;;;;;;;;
14:11:03.074;6.8;;;;;;;;;;;;;;
14:11:03.546;;;;-16.5; -20.0;;;;;-78.0; -82.0;;;;
14:11:03.546;;;17.5;;;;;;;;;;;;
14:11:04.075;6.5;;;;;;;;;;;;;;
14:11:04.270;;;;-15.0; -20.0;;;;;-78.0; -86.0;;;;
14:11:04.270;;;18.3;;;;;;;;;;;;
14:11:04.986;;;;-15.0; -20.0;;;;;-80.0; -87.0;;;;
14:11:04.986;;;18.4;;;;;;;;;;;;
14:11:05.084;6.6;;;;;;;;;;;;;;
14:11:05.669;;;;-16.0; -20.0;;;;;-80.0; -87.0;;;;
14:11:05.669;;;17.9;;;;;;;;;;;;
14:11:06.275;5.6;;;;;;;;;;;;;;
14:11:06.345;;;;-20.0; -20.0;;;;;-83.0; -85.0;;;;
14:11:06.345;;;16.6;;;;;;;;;;;;
14:11:07.027;;;;-14.5; -20.0;;;;;-80.0; -86.0;;;;
14:11:07.027;;;15.6;;;;;;;;;;;;
14:11:07.275;7.8;;;;;;;;;;;;;;
14:11:07.707;;;;-20.0; -20.0;;;;;-83.0; -83.0;;;;
14:11:07.707;;;19.2;;;;;;;;;;;;
14:11:08.279;6.7;;;;;;;;;;;;;;
14:11:08.385;;;;-12.0; -19.0;;;;;-78.0; -88.0;;;;
14:11:08.385;;;17.3;;;;;;;;;;;;
14:11:09.066;;;;-12.5; -20.0;;;;;-78.0; -86.0;;;;
14:11:09.066;;;17.6;;;;;;;;;;;;
14:11:09.291;6.8;;;;;;;;;;;;;;
14:11:09.754;;;;-13.5; -20.0;;;;;-78.0; -85.0;;;;
14:11:09.754;;;17.1;;;;;;;;;;;;
14:11:10.300;5.4;;;;;;;;;;;;;;
14:11:10.467;;;;-13.5; -20.0;;;;;-80.0; -85.0;;;;
14:11:10.467;;;14.4;;;;;;;;;;;;
14:11:11.186;;;;-19.0; -20.0;;;;;-81.0; -81.0;;;;
14:11:11.186;;;15.8;;;;;;;;;;;;
14:11:11.326;8.1;;;;;;;;;;;;;;
14:11:11.866;;;;-15.0; -20.0;;;;;-77.0; -85.0;;;;
14:11:11.866;;;16.5;;;;;;;;;;;;
14:11:12.326;7.0;;;;;;;;;;;;;;
14:11:12.586;;;;-11.5; -20.0;;;;;-77.0; -87.0;;;;
14:11:12.586;;;14.9;;;;;;;;;;;;
14:11:13.306;;;;-13.5; -20.0;;;;;-79.0; -87.0;;;;
14:11:13.306;;;13.7;;;;;;;;;;;;
14:11:13.340;6.7;;;;;;;;;;;;;;
14:11:13.989;;;;-13.0; -20.0;;;;;-78.0; -86.0;;;;
14:11:13.989;;;9.2;;;;;;;;;;;;
14:11:14.351;7.0;;;;;;;;;;;;;;
14:11:14.667;;;;-14.5; -20.0;;;;;-81.0; -86.0;;;;
14:11:14.667;;;12.4;;;;;;;;;;;;
14:11:15.372;6.9;;;;;;;;;;;;;;
14:11:15.386;;;;-13.5; -20.0;;;;;-79.0; -87.0;;;;
14:11:15.386;;;13.5;;;;;;;;;;;;
14:11:16.110;;;;-12.5; -20.0;;;;;-77.0; -86.0;;;;
14:11:16.110;;;13.3;;;;;;;;;;;;
14:11:16.372;6.7;;;;;;;;;;;;;;
14:11:16.787;;;;-13.0; -20.0;;;;;-79.0; -87.0;;;;
14:11:16.787;;;12.5;;;;;;;;;;;;
14:11:17.380;6.7;;;;;;;;;;;;;;
14:11:17.505;;;;-14.0; -20.0;;;;;-77.0; -84.0;;;;
14:11:17.505;;;14.1;;;;;;;;;;;;
14:11:18.186;;;;-13.5; -20.0;;;;;-77.0; -85.0;;;;
14:11:18.186;;;13.4;;;;;;;;;;;;
14:11:18.382;6.0;;;;;;;;;;;;;;
14:11:18.866;;;;-17.5; -20.0;;;;;-82.0; -82.0;;;;
14:11:18.866;;;14.3;;;;;;;;;;;;
14:11:19.388;6.8;;;;;;;;;;;;;;
14:11:19.547;;;;-12.0; -20.0;;;;;-79.0; -87.0;;;;
14:11:19.547;;;10.6;;;;;;;;;;;;
14:11:20.266;;;;-13.0; -20.0;;;;;-78.0; -88.0;;;;
14:11:20.266;;;15.3;;;;;;;;;;;;
14:11:20.388;6.8;;;;;;;;;;;;;;
14:11:20.945;;;;-14.5; -20.0;;;;;-79.0; -85.0;;;;
14:11:20.945;;;14.8;;;;;;;;;;;;
14:11:21.388;6.3;;;;;;;;;;;;;;
14:11:21.630;;;;-15.5; -20.0;;;;;-79.0; -86.0;;;;
14:11:21.630;;;14.8;;;;;;;;;;;;
14:11:22.306;;;;-11.0; -20.0;;;;;-78.0; -87.0;;;;
14:11:22.306;;;14.7;;;;;;;;;;;;
14:11:22.403;5.3;;;;;;;;;;;;;;
14:11:22.985;;;;-14.0; -20.0;;;;;-75.0; -84.0;;;;
14:11:22.985;;;13.5;;;;;;;;;;;;
14:11:23.403;8.0;;;;;;;;;;;;;;
14:11:23.665;;;;-16.0; -20.0;;;;;-78.0; -85.0;;;;
14:11:23.665;;;14.4;;;;;;;;;;;;
14:11:24.387;;;;-13.5; -20.0;;;;;-79.0; -87.0;;;;
14:11:24.387;;;13.6;;;;;;;;;;;;
14:11:24.403;6.8;;;;;;;;;;;;;;
14:11:25.123;;;;-13.5; -20.0;;;;;-79.0; -85.0;;;;
14:11:25.123;;;13.4;;;;;;;;;;;;
14:11:25.403;6.1;;;;;;;;;;;;;;
14:11:25.787;;;;-16.5; -20.0;;;;;-76.0; -83.0;;;;
14:11:25.787;;;14.6;;;;;;;;;;;;
14:11:26.403;6.4;;;;;;;;;;;;;;
14:11:26.465;;;;-9.5; -20.0;;;;;-76.0; -86.0;;;;
14:11:26.465;;;11.8;;;;;;;;;;;;
14:11:27.185;;;;-11.5; -20.0;;;;;-77.0; -89.0;;;;
14:11:27.185;;;11.5;;;;;;;;;;;;
14:11:27.403;6.5;;;;;;;;;;;;;;
14:11:27.867;;;;-12.5; -20.0;;;;;-76.0; -87.0;;;;
14:11:27.867;;;10.6;;;;;;;;;;;;
14:11:28.429;6.3;;;;;;;;;;;;;;
14:11:28.548;;;;-10.5; -16.0;;;;;-76.0; -82.0;;;;
14:11:28.548;;;6.6;;;;;;;;;;;;
14:11:29.265;;;;-12.0; -18.0;;;;;-79.0; -84.0;;;;
14:11:29.265;;;10.4;;;;;;;;;;;;
14:11:29.986;;;;-13.0; -14.5;;;;;-79.0; -84.0;;;;
14:11:29.986;;;4.3;;;;;;;;;;;;
14:11:30.702;;;;-10.5; -15.5;;;;;-74.0; -81.0;;;;
14:11:30.702;;;3.0;;;;;;;;;;;;
14:11:31.421;;;;-10.0; -16.5;;;;;-71.0; -76.0;;;;
14:11:31.421;;;6.2;;;;;;;;;;;;
14:11:32.102;;;;-10.5; -16.0;;;;;-72.0; -78.0;;;;
14:11:32.102;;;1.8;;;;;;;;;;;;
14:11:32.782;;;;-9.0; -17.5;;;;;-71.0; -80.0;;;;
14:11:32.782;;;0.4;;;;;;;;;;;;
14:11:33.508;;;5.5;;;;;;;;;;;;
14:11:34.464;;;;-15.0; -17.0;;;;;-75.0; -77.0;;;;
14:11:34.464;;;17.0;;;;;;;;;;;;
14:11:35.426;;;;-13.0; -19.5;;;;;-75.0; -81.0;;;;
14:11:35.426;;;19.0;;;;;;;;;;;;
14:11:36.386;;;;-13.0; -15.5;;;;;-76.0; -78.0;;;;
14:11:36.386;;;15.3;;;;;;;;;;;;
14:11:37.666;;;;-13.0; -18.5;;;;;-73.0; -79.0;;;;
14:11:37.666;;;11.1;;;;;;;;;;;;
14:11:38.627;;;;-13.5; -20.0;;;;;-73.0; -80.0;;;;
14:11:38.627;;;15.6;;;;;;;;;;;;
14:11:39.598;;;;-17.5; -20.0;;;;;-79.0; -82.0;;;;
14:11:39.598;;;21.8;;;;;;;;;;;;
14:11:40.543;;;;-16.5; -20.0;;;;;-77.0; -82.0;;;;
14:11:40.543;;;20.4;;;;;;;;;;;;
14:11:41.504;;;;-17.0; -20.0;;;;;-77.0; -82.0;;;;
14:11:41.504;;;15.9;;;;;;;;;;;;
14:11:42.468;;;;-16.5; -20.0;;;;;-76.0; -82.0;;;;
14:11:42.468;;;9.8;;;;;;;;;;;;
14:11:43.747;;;;-12.0; -16.0;;;;;-74.0; -78.0;;;;
14:11:43.747;;;10.8;;;;;;;;;;;;
14:11:44.707;;;;-11.5; -16.5;;;;;-75.0; -80.0;;;;
14:11:44.707;;;11.7;;;;;;;;;;;;
14:11:45.067;;36;;;;;;;;;;;;;
14:11:45.427;;;;-14.5; -17.0;;;;;-80.0; -82.0;;;;
14:11:45.427;;;15.3;;;;;;;;;;;;
14:11:45.746;;49;;;;;;;;;;;;;
14:11:46.141;;;;-11.5; -19.5;;;;;-76.0; -83.0;;;;
14:11:46.141;;;14.7;;;;;;;;;;;;
14:11:46.754;;38;;;;;;;;;;;;;
14:11:46.800;;;;-10.5; -19.5;;;;;-75.0; -87.0;;;;
14:11:46.800;;;12.3;;;;;;;;;;;;
14:11:47.584;;;;-10.5; -17.5;;;;;-79.0; -84.0;;;;
14:11:47.584;;;10.6;;;;;;;;;;;;
14:11:47.761;;37;;;;;;;;;;;;;
14:11:48.544;;;;-10.0; -16.0;;;;;-77.0; -83.0;;;;
14:11:48.544;;;12.7;;;;;;;;;;;;
14:11:48.763;;35;;;;;;;;;;;;;
14:11:49.504;;;;-11.5; -18.0;;;;;-79.0; -86.0;;;;
14:11:49.504;;;4.6;;;;;;;;;;;;
14:11:49.756;;33;;;;;;;;;;;;;
14:11:50.464;;;;-11.5; -19.0;;;;;-81.0; -87.0;;;;
14:11:50.464;;;6.7;;;;;;;;;;;;
14:11:50.769;;41;;;;;;;;;;;;;
14:11:51.424;;;;-12.5; -17.5;;;;;-77.0; -87.0;;;;
14:11:51.424;;;7.4;;;;;;;;;;;;
14:11:51.774;;39;;;;;;;;;;;;;
14:11:52.384;;;;-12.0; -19.0;;;;;-77.0; -88.0;;;;
14:11:52.384;;;6.9;;;;;;;;;;;;
14:11:52.782;;27;;;;;;;;;;;;;
14:11:53.344;;;;-12.5; -18.0;;;;;-78.0; -85.0;;;;
14:11:53.344;;;11.9;;;;;;;;;;;;
14:11:53.780;;35;;;;;;;;;;;;;
14:11:54.304;;;;-12.0; -15.5;;;;;-81.0; -83.0;;;;
14:11:54.304;;;11.9;;;;;;;;;;;;
14:11:55.264;;;;-12.0; -16.5;;;;;-82.0; -85.0;;;;
14:11:55.264;;;17.3;;;;;;;;;;;;
14:11:56.223;;;;-15.0; -17.5;;;;;-80.0; -82.0;;;;
14:11:56.223;;;14.5;;;;;;;;;;;;
14:11:57.187;;;;-16.0; -16.5;;;;;-80.0; -80.0;;;;
14:11:57.187;;;11.6;;;;;;;;;;;;
14:11:58.146;;;;-15.0; -18.0;;;;;-80.0; -81.0;;;;
14:11:58.146;;;10.6;;;;;;;;;;;;
14:11:59.129;;;;-13.5; -16.0;;;;;-78.0; -79.0;;;;
14:11:59.129;;;11.9;;;;;;;;;;;;
14:12:00.067;;;;-14.0; -16.0;;;;;-77.0; -79.0;;;;
14:12:00.067;;;9.5;;;;;;;;;;;;
14:12:01.027;;;;-15.0; -17.5;;;;;-78.0; -80.0;;;;
14:12:01.027;;;6.5;;;;;;;;;;;;
14:12:01.986;;;;-14.0; -18.5;;;;;-78.0; -81.0;;;;
14:12:01.986;;;6.8;;;;;;;;;;;;
14:12:03.266;;;;-13.0; -17.5;;;;;-77.0; -80.0;;;;
14:12:03.266;;;8.1;;;;;;;;;;;;
14:12:05.246;;;;-13.5; -18.0;;;;;-75.0; -80.0;;;;
14:12:05.246;;;11.8;;;;;;;;;;;;
14:12:06.528;;;;-13.5; -17.5;;;;;-77.0; -81.0;;;;
14:12:06.528;;;9.5;;;;;;;;;;;;
14:12:07.809;;;;-15.5; -17.0;;;;;-79.0; -81.0;;;;
14:12:07.809;;;12.5;;;;;;;;;;;;
14:12:09.146;;;16.9;;;;;;;;;;;;
14:12:09.825;;;;-19.5; -20.0;;;;;-83.0; -86.0;;;;
14:12:09.825;;;16.3;;;;;;;;;;;;
14:12:10.530;7.1;;;;;;;;;;;;;;
14:12:10.554;;;;-16.5; -20.0;;;;;-80.0; -86.0;;;;
14:12:10.554;;;19.4;;;;;;;;;;;;
14:12:11.223;;;;-13.5; -18.5;;;;;-77.0; -82.0;;;;
14:12:11.223;;;17.5;;;;;;;;;;;;
14:12:11.544;6.7;;;;;;;;;;;;;;
14:12:11.943;;;;-20.0; -20.0;;;;;-80.0; -83.0;;;;
14:12:11.943;;;21.8;;;;;;;;;;;;
14:12:12.560;6.8;;;;;;;;;;;;;;
14:12:12.624;;;;-19.0; -19.5;;;;;-84.0; -85.0;;;;
14:12:12.624;;;18.8;;;;;;;;;;;;
14:12:13.304;;;;-13.0; -20.0;;;;;-77.0; -85.0;;;;
14:12:13.304;;;14.2;;;;;;;;;;;;
14:12:13.575;6.8;;;;;;;;;;;;;;
14:12:14.024;;;;-15.0; -15.5;;;;;-81.0; -82.0;;;;
14:12:14.024;;;11.8;;;;;;;;;;;;
14:12:14.581;6.2;;;;;;;;;;;;;;
14:12:14.704;;;;-17.5; -20.0;;;;;-76.0; -82.0;;;;
14:12:14.704;;;18.3;;;;;;;;;;;;
14:12:15.388;;;;-20.0; -20.0;;;;;-81.0; -82.0;;;;
14:12:15.388;;;22.0;;;;;;;;;;;;
14:12:15.597;7.4;;;;;;;;;;;;;;
14:12:16.067;;;;-17.0; -20.0;;;;;-76.0; -83.0;;;;
14:12:16.067;;;22.6;;;;;;;;;;;;
14:12:16.597;6.8;;;;;;;;;;;;;;
14:12:16.744;;;;-18.5; -20.0;;;;;-77.0; -82.0;;;;
14:12:16.744;;;22.8;;;;;;;;;;;;
14:12:17.466;;;;-18.5; -20.0;;;;;-79.0; -83.0;;;;
14:12:17.466;;;18.8;;;;;;;;;;;;
14:12:17.598;6.8;;;;;;;;;;;;;;
14:12:18.147;;;;-16.0; -20.0;;;;;-76.0; -82.0;;;;
14:12:18.147;;;17.2;;;;;;;;;;;;
14:12:18.600;6.5;;;;;;;;;;;;;;
14:12:18.864;;;;-18.5; -20.0;;;;;-81.0; -85.0;;;;
14:12:18.864;;;18.8;;;;;;;;;;;;
14:12:19.544;;;;-15.0; -20.0;;;;;-75.0; -83.0;;;;
14:12:19.544;;;17.7;;;;;;;;;;;;
14:12:19.613;6.3;;;;;;;;;;;;;;
14:12:20.231;;;;-20.0; -20.0;;;;;-78.0; -81.0;;;;
14:12:20.231;;;22.5;;;;;;;;;;;;
14:12:20.634;6.3;;;;;;;;;;;;;;
14:12:20.950;;;;-15.5; -20.0;;;;;-77.0; -82.0;;;;
14:12:20.950;;;17.8;;;;;;;;;;;;
14:12:21.624;;;;-19.0; -17.5;;;;;-80.0; -81.0;;;;
14:12:21.624;;;22.5;;;;;;;;;;;;
14:12:21.641;6.5;;;;;;;;;;;;;;
14:12:22.304;;;;-17.0; -20.0;;;;;-78.0; -84.0;;;;
14:12:22.304;;;20.8;;;;;;;;;;;;
14:12:22.653;6.5;;;;;;;;;;;;;;
14:12:22.983;;;;-13.5; -20.0;;;;;-76.0; -82.0;;;;
14:12:22.983;;;16.2;;;;;;;;;;;;
14:12:23.661;6.4;;;;;;;;;;;;;;
14:12:23.665;;;;-13.0; -17.0;;;;;-81.0; -86.0;;;;
14:12:23.665;;;15.9;;;;;;;;;;;;
14:12:24.345;;;;-16.0; -18.0;;;;;-78.0; -80.0;;;;
14:12:24.345;;;17.4;;;;;;;;;;;;
14:12:24.690;6.4;;;;;;;;;;;;;;
14:12:25.026;;;;-18.0; -20.0;;;;;-83.0; -85.0;;;;
14:12:25.026;;;19.3;;;;;;;;;;;;
14:12:25.692;6.6;;;;;;;;;;;;;;
14:12:25.744;;;;-13.0; -18.5;;;;;-74.0; -79.0;;;;
14:12:25.744;;;14.3;;;;;;;;;;;;
14:12:26.426;;;;-13.5; -20.0;;;;;-76.0; -86.0;;;;
14:12:26.426;;;16.9;;;;;;;;;;;;
14:12:26.702;6.8;;;;;;;;;;;;;;
14:12:27.107;;;;-20.0; -20.0;;;;;-84.0; -84.0;;;;
14:12:27.107;;;18.4;;;;;;;;;;;;
14:12:27.719;6.8;;;;;;;;;;;;;;
14:12:27.783;;;;-20.0; -20.0;;;;;-81.0; -84.0;;;;
14:12:27.783;;;19.6;;;;;;;;;;;;
14:12:28.465;;;;-15.0; -20.0;;;;;-75.0; -82.0;;;;
14:12:28.465;;;19.2;;;;;;;;;;;;
14:12:28.740;6.8;;;;;;;;;;;;;;
14:12:29.183;;;;-11.0; -20.0;;;;;-75.0; -86.0;;;;
14:12:29.183;;;16.5;;;;;;;;;;;;
14:12:29.747;6.8;;;;;;;;;;;;;;
14:12:29.864;;;;-14.0; -20.0;;;;;-76.0; -85.0;;;;
14:12:29.864;;;18.8;;;;;;;;;;;;
14:12:30.584;;;;-14.0; -20.0;;;;;-73.0; -82.0;;;;
14:12:30.584;;;18.3;;;;;;;;;;;;
14:12:30.764;6.9;;;;;;;;;;;;;;
14:12:31.270;;;;-13.5; -20.0;;;;;-73.0; -82.0;;;;
14:12:31.270;;;18.4;;;;;;;;;;;;
14:12:31.782;6.3;;;;;;;;;;;;;;
14:12:31.944;;;;-18.5; -20.0;;;;;-80.0; -84.0;;;;
14:12:31.944;;;19.4;;;;;;;;;;;;
14:12:32.629;;;;-13.0; -20.0;;;;;-74.0; -84.0;;;;
14:12:32.629;;;17.3;;;;;;;;;;;;
14:12:32.788;6.5;;;;;;;;;;;;;;
14:12:33.305;;;;-12.0; -20.0;;;;;-71.0; -84.0;;;;
14:12:33.305;;;18.3;;;;;;;;;;;;
14:12:33.788;5.8;;;;;;;;;;;;;;
14:12:34.028;;;;-14.0; -20.0;;;;;-77.0; -85.0;;;;
14:12:34.028;;;15.6;;;;;;;;;;;;
14:12:34.708;;;;-11.5; -20.0;;;;;-75.0; -87.0;;;;
14:12:34.708;;;14.7;;;;;;;;;;;;
14:12:34.793;7.0;;;;;;;;;;;;;;
14:12:35.426;;;;-13.0; -20.0;;;;;-76.0; -86.0;;;;
14:12:35.426;;;17.2;;;;;;;;;;;;
14:12:35.793;6.8;;;;;;;;;;;;;;
14:12:36.147;;;;-14.5; -20.0;;;;;-77.0; -85.0;;;;
14:12:36.147;;;19.8;;;;;;;;;;;;
14:12:36.800;6.6;;;;;;;;;;;;;;
14:12:36.825;;;;-17.0; -17.5;;;;;-84.0; -84.0;;;;
14:12:36.825;;;18.8;;;;;;;;;;;;
14:12:37.512;;;;-15.5; -20.0;;;;;-78.0; -83.0;;;;
14:12:37.512;;;18.3;;;;;;;;;;;;
14:12:37.813;6.4;;;;;;;;;;;;;;
14:12:38.224;;;;-11.5; -20.0;;;;;-71.0; -83.0;;;;
14:12:38.224;;;18.3;;;;;;;;;;;;
14:12:38.827;6.4;;;;;;;;;;;;;;
14:12:38.905;;;;-16.5; -20.0;;;;;-83.0; -88.0;;;;
14:12:38.905;;;18.7;;;;;;;;;;;;
14:12:39.629;;;;-16.0; -20.0;;;;;-83.0; -87.0;;;;
14:12:39.629;;;18.1;;;;;;;;;;;;
14:12:39.847;6.7;;;;;;;;;;;;;;
14:12:40.344;;;;-13.5; -20.0;;;;;-75.0; -82.0;;;;
14:12:40.344;;;18.5;;;;;;;;;;;;
14:12:41.260;;;;-17.5; -20.0;;;;;-80.0; -85.0;;;;
14:12:41.260;;;22.6;;;;;;;;;;;;
14:12:42.220;;;;-17.5; -20.0;;;;;-81.0; -85.0;;;;
14:12:42.220;;;22.2;;;;;;;;;;;;
14:12:43.184;;;;-17.5; -20.0;;;;;-83.0; -88.0;;;;
14:12:43.184;;;18.9;;;;;;;;;;;;
14:12:44.145;;;;-18.5; -19.0;;;;;-84.0; -84.0;;;;
14:12:44.145;;;18.2;;;;;;;;;;;;
14:12:45.124;;;;-17.0; -18.0;;;;;-82.0; -83.0;;;;
14:12:45.124;;;16.9;;;;;;;;;;;;
14:12:46.062;;;;-15.5; -20.0;;;;;-79.0; -84.0;;;;
14:12:46.062;;;14.3;;;;;;;;;;;;
14:12:47.022;;;;-14.5; -20.0;;;;;-79.0; -86.0;;;;
14:12:47.022;;;18.0;;;;;;;;;;;;
14:12:47.982;;;;-17.0; -20.0;;;;;-81.0; -85.0;;;;
14:12:47.982;;;25.5;;;;;;;;;;;;
14:12:48.943;;;;-17.0; -20.0;;;;;-80.0; -86.0;;;;
14:12:48.943;;;19.3;;;;;;;;;;;;
14:12:49.903;;;;-15.0; -20.0;;;;;-80.0; -87.0;;;;
14:12:49.903;;;16.4;;;;;;;;;;;;
14:12:51.974;;;13.0;;;;;;;;;;;;
14:12:53.887;;;;-18.0;;;;;;-82.0;;;;;
14:12:53.887;;;16.0;;;;;;;;;;;;
14:12:55.208;;;;-17.0;;;;;;-81.0;;;;;
14:12:55.208;;;17.0;;;;;;;;;;;;
14:12:55.767;;143;;;;;;;;;;;;;
14:12:55.823;;;10.6;;;;;;;;;;;;
14:12:56.503;;;10.5;;;;;;;;;;;;
14:12:56.741;;30;;;;;;;;;;;;;
14:12:57.183;;;;-14.0;;;;;;-84.0;;;;;
14:12:57.183;;;13.2;;;;;;;;;;;;
14:12:57.673;;39;;;;;;;;;;;;;
14:12:57.926;;;;-16.5;;;;;;-82.0;;;;;
14:12:57.926;;;18.7;;;;;;;;;;;;
14:12:58.645;;;;-12.0;;;;;;-79.0;;;;;
14:12:58.645;;;18.8;;;;;;;;;;;;
14:12:58.678;;37;;;;;;;;;;;;;
14:12:59.499;;;;-12.0;;;;;;-77.0;;;;;
14:12:59.499;;;14.9;;;;;;;;;;;;
14:12:59.674;;35;;;;;;;;;;;;;
14:13:00.459;;;;-14.5;;;;;;-79.0;;;;;
14:13:00.459;;;18.4;;;;;;;;;;;;
14:13:00.695;;33;;;;;;;;;;;;;
14:13:01.418;;;;-13.0;;;;;;-79.0;;;;;
14:13:01.418;;;15.5;;;;;;;;;;;;
14:13:01.693;;41;;;;;;;;;;;;;
14:13:02.379;;;;-10.5;;;;;;-77.0;;;;;
14:13:02.379;;;16.3;;;;;;;;;;;;
14:13:02.694;;39;;;;;;;;;;;;;
14:13:03.339;;;;-14.5;;;;;;-81.0;;;;;
14:13:03.339;;;17.4;;;;;;;;;;;;
14:13:03.695;;37;;;;;;;;;;;;;
14:13:04.296;;;;-18.5;;;;;;-83.0;;;;;
14:13:04.296;;;19.3;;;;;;;;;;;;
14:13:04.717;;35;;;;;;;;;;;;;
14:13:04.977;;;;-20.0;;;;;;-86.0;;;;;
14:13:04.977;;;23.3;;;;;;;;;;;;
14:13:05.899;;;;-20.0;;;;;;-82.0;;;;;
14:13:05.899;;;24.5;;;;;;;;;;;;
14:13:06.859;;;;-18.5;;;;;;-81.0;;;;;
14:13:06.859;;;25.9;;;;;;;;;;;;
14:13:07.823;;;;-18.5;;;;;;-81.0;;;;;
14:13:07.823;;;19.9;;;;;;;;;;;;
14:13:08.783;;;;-20.0;;;;;;-83.0;;;;;
14:13:08.783;;;19.9;;;;;;;;;;;;
14:13:09.743;;;;-18.0;;;;;;-83.0;;;;;
14:13:09.743;;;21.4;;;;;;;;;;;;
14:13:11.023;;;;-18.0;;;;;;-86.0;;;;;
14:13:11.023;;;17.5;;;;;;;;;;;;
14:13:11.983;;;;-20.0;;;;;;-85.0;;;;;
14:13:11.983;;;21.0;;;;;;;;;;;;
14:13:12.943;;;;-17.0;;;;;;-84.0;;;;;
14:13:12.943;;;17.9;;;;;;;;;;;;
14:13:13.918;;;;-15.0;;;;;;-82.0;;;;;
14:13:13.918;;;16.6;;;;;;;;;;;;
14:13:14.859;;;;-17.5;;;;;;-81.0;;;;;
14:13:14.859;;;19.2;;;;;;;;;;;;
14:13:15.820;;;;-20.0;;;;;;-87.0;;;;;
14:13:15.820;;;16.3;;;;;;;;;;;;
14:13:16.799;;;;-15.5;;;;;;-80.0;;;;;
14:13:16.799;;;20.0;;;;;;;;;;;;
14:13:17.740;;;;-16.0; -20.0;;;;;-82.0; -91.0;;;;
14:13:17.740;;;15.1;;;;;;;;;;;;
14:13:18.700;;;;-20.0; -20.0;;;;;-84.0; -87.0;;;;
14:13:18.700;;;19.9;;;;;;;;;;;;
14:13:19.663;;;;-20.0; -20.0;;;;;-83.0; -86.0;;;;
14:13:19.663;;;21.8;;;;;;;;;;;;
14:13:20.559;;;;-20.0; -20.0;;;;;-84.0; -88.0;;;;
14:13:20.559;;;19.5;;;;;;;;;;;;
14:13:21.240;;;;-20.0; -20.0;;;;;-85.0; -85.0;;;;
14:13:21.240;;;20.3;;;;;;;;;;;;
14:13:21.708;9.1;;;;;;;;;;;;;;
14:13:21.920;;;;-20.0; -20.0; -20.0;;;;-85.0; -86.0; -87.0;;;
14:13:21.920;;;21.2;;;;;;;;;;;;
14:13:22.638;;;;-18.5; -20.0; -20.0;;;;-88.0; -93.0; -94.0;;;
14:13:22.638;;;17.3;;;;;;;;;;;;
14:13:22.734;5.8;;;;;;;;;;;;;;
14:13:23.359;;;;-20.0; -20.0;;;;;-82.0; -85.0;;;;
14:13:23.359;;;20.8;;;;;;;;;;;;
14:13:23.760;6.4;;;;;;;;;;;;;;
14:13:24.038;;;;-20.0; -20.0; -20.0;;;;-81.0; -83.0; -84.0;;;
14:13:24.038;;;21.1;;;;;;;;;;;;
14:13:24.718;;;;-20.0; -20.0; -20.0;;;;-83.0; -85.0; -85.0;;;
14:13:24.718;;;23.6;;;;;;;;;;;;
14:13:24.762;6.3;;;;;;;;;;;;;;
14:13:25.401;;;;-20.0; -20.0; -20.0;;;;-79.0; -80.0; -80.0;;;
14:13:25.401;;;19.4;;;;;;;;;;;;
14:13:25.770;29.1;;;;;;;;;;;;;;
14:13:26.128;;;;-20.0; -20.0; -20.0;;;;-78.0; -79.0; -79.0;;;
14:13:26.128;;;21.5;;;;;;;;;;;;
14:13:26.778;33.3;;;;;;;;;;;;;;
14:13:26.841;;;;-20.0; -20.0; -20.0;;;;-81.0; -82.0; -83.0;;;
14:13:26.841;;;23.8;;;;;;;;;;;;
14:13:27.559;;;;-16.0; -18.5; -20.0;;;;-88.0; -90.0; -94.0;;;
14:13:27.559;;;12.7;;;;;;;;;;;;
14:13:27.779;27.4;;;;;;;;;;;;;;
14:13:28.241;;;;-16.0; -15.5; -20.0;;;;-91.0; -91.0; -93.0;;;
14:13:28.241;;;9.6;;;;;;;;;;;;
14:13:28.779;22.4;;;;;;;;;;;;;;
14:13:28.921;;;;-13.0; -19.0; -20.0;;;;-89.0; -96.0; -99.0;;;
14:13:28.921;;;9.7;;;;;;;;;;;;
14:13:29.601;;;;-15.5; -20.0; -20.0;;;;-83.0; -89.0; -91.0;;;
14:13:29.601;;;8.7;;;;;;;;;;;;
14:13:29.779;21.7;;;;;;;;;;;;;;
14:13:30.280;;;;-12.0; -20.0;;;;;-79.0; -88.0;;;;
14:13:30.280;;;7.9;;;;;;;;;;;;
14:13:30.787;23.1;;;;;;;;;;;;;;
14:13:30.960;;;;-18.5; -20.0;;;;;-89.0; -92.0;;;;
14:13:30.960;;;10.0;;;;;;;;;;;;
14:13:31.639;;;;-17.5; -20.0;;;;;-92.0; -93.0;;;;
14:13:31.639;;;11.5;;;;;;;;;;;;
14:13:31.790;25.3;;;;;;;;;;;;;;
14:13:32.325;;;;-14.5; -20.0;;;;;-87.0; -90.0;;;;
14:13:32.325;;;11.4;;;;;;;;;;;;
14:13:32.806;22.4;;;;;;;;;;;;;;
14:13:33.000;;;;-15.5; -20.0;;;;;-84.0; -90.0;;;;
14:13:33.000;;;10.2;;;;;;;;;;;;
14:13:33.719;;;;-19.0; -20.0;;;;;-88.0; -92.0;;;;
14:13:33.719;;;10.1;;;;;;;;;;;;
14:13:33.811;22.6;;;;;;;;;;;;;;
14:13:34.400;;;;-18.5; -19.5;;;;;-88.0; -90.0;;;;
14:13:34.400;;;10.4;;;;;;;;;;;;
14:13:34.811;23.5;;;;;;;;;;;;;;
14:13:35.080;;;;-16.0; -20.0;;;;;-83.0; -88.0;;;;
14:13:35.080;;;10.7;;;;;;;;;;;;
14:13:35.760;;;;-16.0; -20.0;;;;;-85.0; -88.0;;;;
14:13:35.760;;;9.2;;;;;;;;;;;;
14:13:35.898;20.1;;;;;;;;;;;;;;
14:13:36.439;;;;-17.5; -20.0;;;;;-87.0; -92.0;;;;
14:13:36.439;;;9.8;;;;;;;;;;;;
14:13:36.900;25.1;;;;;;;;;;;;;;
14:13:37.162;;;;-15.5; -20.0;;;;;-83.0; -88.0;;;;
14:13:37.162;;;10.2;;;;;;;;;;;;
14:13:37.842;;;;-13.5; -17.0;;;;;-82.0; -86.0;;;;
14:13:37.842;;;9.6;;;;;;;;;;;;
14:13:37.905;21.8;;;;;;;;;;;;;;
14:13:38.560;;;;-15.0; -20.0;;;;;-82.0; -90.0;;;;
14:13:38.560;;;8.6;;;;;;;;;;;;
14:13:38.905;21.8;;;;;;;;;;;;;;
14:13:39.239;;;;-15.5; -20.0;;;;;-86.0; -89.0;;;;
14:13:39.239;;;9.1;;;;;;;;;;;;
14:13:39.911;20.1;;;;;;;;;;;;;;
14:13:39.919;;;;-13.0; -20.0;;;;;-83.0; -92.0;;;;
14:13:39.919;;;8.8;;;;;;;;;;;;
14:13:40.601;;;;-16.0; -20.0;;;;;-90.0; -92.0;;;;
14:13:40.601;;;8.5;;;;;;;;;;;;
14:13:40.911;22.1;;;;;;;;;;;;;;
14:13:41.280;;;;-12.5; -20.0;;;;;-89.0; -91.0;;;;
14:13:41.280;;;8.6;;;;;;;;;;;;
14:13:41.911;23.7;;;;;;;;;;;;;;
14:13:41.963;;;;-17.5; -15.0;;;;;-89.0; -90.0;;;;
14:13:41.963;;;9.5;;;;;;;;;;;;
14:13:42.641;;;;-19.5; -20.0;;;;;-91.0; -95.0;;;;
14:13:42.641;;;12.3;;;;;;;;;;;;
14:13:42.911;25.2;;;;;;;;;;;;;;
14:13:43.361;;;;-11.0; -20.0;;;;;-85.0; -93.0;;;;
14:13:43.361;;;8.6;;;;;;;;;;;;
14:13:43.916;20.3;;;;;;;;;;;;;;
14:13:44.040;;;;-11.0; -20.0;;;;;-86.0; -93.0;;;;
14:13:44.040;;;7.5;;;;;;;;;;;;
14:13:44.719;;;;-12.0; -20.0;;;;;-90.0; -93.0;;;;
14:13:44.719;;;5.5;;;;;;;;;;;;
14:13:44.919;17.3;;;;;;;;;;;;;;
14:13:45.400;;;;-11.0; -20.0;;;;;-87.0; -92.0;;;;
14:13:45.400;;;4.2;;;;;;;;;;;;
14:13:45.920;17.5;;;;;;;;;;;;;;
14:13:46.080;;;;-10.5; -20.0;;;;;-88.0; -92.0;;;;
14:13:46.080;;;7.1;;;;;;;;;;;;
14:13:46.760;;;;-13.5; -20.0;;;;;-89.0; -92.0;;;;
14:13:46.760;;;8.8;;;;;;;;;;;;
14:13:46.920;22.7;;;;;;;;;;;;;;
14:13:47.479;;;;-14.5; -20.0;;;;;-93.0; -95.0;;;;
14:13:47.479;;;8.8;;;;;;;;;;;;
14:13:47.921;25.0;;;;;;;;;;;;;;
14:13:48.160;;;;-16.0; -19.5;;;;;-93.0; -93.0;;;;
14:13:48.160;;;8.7;;;;;;;;;;;;
14:13:48.840;;;;-20.0; -19.0;;;;;-94.0; -96.0;;;;
14:13:48.840;;;9.9;;;;;;;;;;;;
14:13:48.935;24.2;;;;;;;;;;;;;;
14:13:49.560;;;;-10.0; -20.0;;;;;-86.0; -94.0;;;;
14:13:49.560;;;10.1;;;;;;;;;;;;
14:13:49.947;22.8;;;;;;;;;;;;;;
14:13:50.240;;;;-12.5; -20.0;;;;;-88.0; -96.0;;;;
14:13:50.240;;;7.5;;;;;;;;;;;;
14:13:50.949;21.7;;;;;;;;;;;;;;
14:13:50.965;;;;-13.0; -20.0;;;;;-89.0; -97.0;;;;
14:13:50.965;;;8.8;;;;;;;;;;;;
14:13:51.679;;;;-12.5; -16.5; -19.0;;;;-91.0; -94.0; -100.0;;;
14:13:51.679;;;7.3;;;;;;;;;;;;
14:13:52.359;;;;-12.0; -16.5; -20.0;;;;-91.0; -93.0; -102.0;;;
14:13:52.359;;;11.2;;;;;;;;;;;;
14:13:53.260;;;;-11.5; -17.0; -20.0;;;;-92.0; -93.0; -106.0;;;
14:13:53.260;;;11.0;;;;;;;;;;;;
14:13:54.219;;;;-11.5; -17.5; -20.0;;;;-92.0; -95.0; -106.0;;;
14:13:54.219;;;9.4;;;;;;;;;;;;
14:13:55.179;;;;-12.0; -16.5; -20.0;;;;-92.0; -92.0; -105.0;;;
14:13:55.179;;;11.8;;;;;;;;;;;;
14:13:56.184;;;;-11.0; -19.5; -20.0;;;;-89.0; -95.0; -104.0;;;
14:13:56.184;;;10.0;;;;;;;;;;;;
14:13:56.864;;;;-11.5; -15.5; -20.0;;;;-89.0; -89.0; -101.0;;;
14:13:56.864;;;9.4;;;;;;;;;;;;
14:13:57.543;;;;-11.0; -13.0; -20.0;;;;-86.0; -87.0; -102.0;;;
14:13:57.543;;;9.9;;;;;;;;;;;;
14:13:58.223;;;;-14.0; -13.5; -20.0;;;;-88.0; -89.0; -100.0;;;
14:13:58.223;;;10.1;;;;;;;;;;;;
14:13:58.903;;;;-16.0; -10.0; -20.0;;;;-88.0; -89.0; -101.0;;;
14:13:58.903;;;11.2;;;;;;;;;;;;
14:13:59.621;;;;-9.0; -19.5;;;;;-83.0; -95.0;;;;
14:13:59.621;;;9.6;;;;;;;;;;;;
14:14:00.298;;;;-11.5; -15.0;;;;;-88.0; -89.0;;;;
14:14:00.298;;;9.6;;;;;;;;;;;;
14:14:00.981;;;;-14.0; -9.5;;;;;-90.0; -91.0;;;;
14:14:00.981;;;7.6;;;;;;;;;;;;
14:14:01.660;;;;-11.5; -17.0;;;;;-90.0; -90.0;;;;
14:14:01.660;;;9.4;;;;;;;;;;;;
14:14:02.340;;;;-11.0; -17.5;;;;;-88.0; -91.0;;;;
14:14:02.340;;;9.2;;;;;;;;;;;;
14:14:03.020;;;;-9.0; -16.5;;;;;-85.0; -90.0;;;;
14:14:03.020;;;8.7;;;;;;;;;;;;
14:14:04.934;;;;-11.0;;;;;;-86.0;;;;;
14:14:04.934;;;8.9;;;;;;;;;;;;
14:14:06.261;;126;;;;;;;;;;;;;
14:14:06.304;;;9.7;;;;;;;;;;;;
14:14:07.114;;;;-9.5; -16.0;;;;;-87.0; -88.0;;;;
14:14:07.114;;;9.3;;;;;;;;;;;;
14:14:07.131;;33;;;;;;;;;;;;;
14:14:07.940;;;;-13.0; -17.0;;;;;-91.0; -91.0;;;;
14:14:07.940;;;10.5;;;;;;;;;;;;
14:14:08.182;;33;;;;;;;;;;;;;
14:14:08.899;;;;-13.0; -12.5;;;;;-88.0; -93.0;;;;
14:14:08.899;;;11.2;;;;;;;;;;;;
14:14:09.164;;40;;;;;;;;;;;;;
14:14:09.860;;;;-16.0; -10.0;;;;;-89.0; -90.0;;;;
14:14:09.860;;;11.2;;;;;;;;;;;;
14:14:10.141;;40;;;;;;;;;;;;;
14:14:10.820;;;;-13.0; -15.5;;;;;-89.0; -90.0;;;;
14:14:10.820;;;11.2;;;;;;;;;;;;
14:14:11.169;;44;;;;;;;;;;;;;
14:14:11.780;;;;-14.0; -12.5;;;;;-89.0; -92.0;;;;
14:14:11.780;;;12.0;;;;;;;;;;;;
14:14:12.388;;35;;;;;;;;;;;;;
14:14:12.740;;;;-13.5; -16.5;;;;;-90.0; -94.0;;;;
14:14:12.740;;;13.1;;;;;;;;;;;;
14:14:13.164;;41;;;;;;;;;;;;;
14:14:13.723;;;;-15.0; -20.0;;;;;-74.0; -84.0;;;;
14:14:13.723;;;14.4;;;;;;;;;;;;
14:14:14.286;;35;;;;;;;;;;;;;
14:14:14.980;;;;-13.5; -20.0;;;;;-78.0; -88.0;;;;
14:14:14.980;;;16.9;;;;;;;;;;;;
14:14:15.396;;41;;;;;;;;;;;;;
14:14:15.940;;;;-19.5; -20.0;;;;;-85.0; -90.0;;;;
14:14:15.940;;;18.3;;;;;;;;;;;;
14:14:16.899;;;;-17.0; -20.0;;;;;-84.0; -94.0;;;;
14:14:16.899;;;17.9;;;;;;;;;;;;
14:14:18.185;;;;-17.0; -20.0;;;;;-84.0; -93.0;;;;
14:14:18.185;;;15.7;;;;;;;;;;;;
14:14:19.146;;;;-14.5; -20.0;;;;;-83.0; -91.0;;;;
14:14:19.146;;;13.6;;;;;;;;;;;;
14:14:20.123;;;;-13.0; -20.0;;;;;-81.0; -92.0;;;;
14:14:20.123;;;14.6;;;;;;;;;;;;
14:14:21.063;;;;-12.0; -20.0;;;;;-81.0; -93.0;;;;
14:14:21.063;;;12.0;;;;;;;;;;;;
14:14:22.024;;;;-12.0; -19.0;;;;;-81.0; -90.0;;;;
14:14:22.024;;;14.4;;;;;;;;;;;;
14:14:22.980;;;;-12.0; -20.0;;;;;-79.0; -91.0;;;;
14:14:22.980;;;16.2;;;;;;;;;;;;
14:14:23.941;;;;-18.5; -18.5;;;;;-88.0; -90.0;;;;
14:14:23.941;;;14.9;;;;;;;;;;;;
14:14:24.660;;;;-15.0; -20.0;;;;;-83.0; -93.0;;;;
14:14:24.660;;;16.1;;;;;;;;;;;;
14:14:25.340;;;;-16.5; -20.0;;;;;-84.0; -93.0;;;;
14:14:25.340;;;16.8;;;;;;;;;;;;
14:14:26.020;;;;-15.5; -20.0;;;;;-87.0; -93.0;;;;
14:14:26.020;;;15.1;;;;;;;;;;;;
14:14:26.699;;;;-11.0; -20.0;;;;;-82.0; -95.0;;;;
14:14:26.699;;;13.3;;;;;;;;;;;;
14:14:27.379;;;;-14.5; -20.0;;;;;-82.0; -92.0;;;;
14:14:27.379;;;14.5;;;;;;;;;;;;
14:14:28.059;;;;-12.0; -20.0;;;;;-83.0; -94.0;;;;
14:14:28.059;;;14.6;;;;;;;;;;;;
14:14:28.739;;;;-15.0; -20.0;;;;;-86.0; -94.0;;;;
14:14:28.739;;;14.0;;;;;;;;;;;;
14:14:29.423;;;;-9.0; -20.0;;;;;-79.0; -95.0;;;;
14:14:29.423;;;15.1;;;;;;;;;;;;
14:14:30.105;;;;-18.0; -20.0;;;;;-86.0; -92.0;;;;
14:14:30.105;;;17.6;;;;;;;;;;;;
14:14:30.781;;;;-18.5; -20.0;;;;;-85.0; -89.0;;;;
14:14:30.781;;;18.2;;;;;;;;;;;;
14:14:31.501;;;;-17.0; -20.0;;;;;-88.0; -94.0;;;;
14:14:31.501;;;16.0;;;;;;;;;;;;
14:14:32.183;;;;-17.5; -20.0;;;;;-85.0; -90.0;;;;
14:14:32.183;;;15.5;;;;;;;;;;;;
14:14:32.505;30.7;;;;;;;;;;;;;;
14:14:32.860;;;;-20.0; -20.0;;;;;-88.0; -88.0;;;;
14:14:32.860;;;16.3;;;;;;;;;;;;
14:14:33.505;39.0;;;;;;;;;;;;;;
14:14:33.582;;;;-19.5; -20.0;;;;;-90.0; -93.0;;;;
14:14:33.582;;;17.7;;;;;;;;;;;;
14:14:34.263;;;;-15.0; -20.0;;;;;-82.0; -90.0;;;;
14:14:34.263;;;15.2;;;;;;;;;;;;
14:14:34.506;33.8;;;;;;;;;;;;;;
14:14:34.942;;;;-20.0; -20.0;;;;;-87.0; -88.0;;;;
14:14:34.942;;;16.4;;;;;;;;;;;;
14:14:35.507;34.2;;;;;;;;;;;;;;
14:14:35.668;;;;-14.5; -20.0;;;;;-88.0; -90.0;;;;
14:14:35.668;;;15.0;;;;;;;;;;;;
14:14:36.341;;;;-10.5; -20.0;;;;;-82.0; -91.0;;;;
14:14:36.341;;;14.4;;;;;;;;;;;;
14:14:36.507;34.3;;;;;;;;;;;;;;
14:14:37.060;;;;-14.5; -20.0;;;;;-85.0; -91.0;;;;
14:14:37.060;;;15.3;;;;;;;;;;;;
14:14:37.510;33.1;;;;;;;;;;;;;;
14:14:37.780;;;;-15.0;;;;;;-84.0;;;;;
14:14:37.780;;;12.6;;;;;;;;;;;;
14:14:38.460;;;;-13.0;;;;;;-81.0;;;;;
14:14:38.460;;;12.6;;;;;;;;;;;;
14:14:38.511;34.6;;;;;;;;;;;;;;
14:14:39.184;;;;-15.5;;;;;;-84.0;;;;;
14:14:39.184;;;14.2;;;;;;;;;;;;
14:14:39.511;32.2;;;;;;;;;;;;;;
14:14:39.864;;;;-19.5;;;;;;-89.0;;;;;
14:14:39.864;;;13.7;;;;;;;;;;;;
14:14:40.513;37.0;;;;;;;;;;;;;;
14:14:40.540;;;;-20.0;;;;;;-87.0;;;;;
14:14:40.540;;;19.7;;;;;;;;;;;;
14:14:41.263;;;;-20.0;;;;;;-89.0;;;;;
14:14:41.263;;;19.1;;;;;;;;;;;;
14:14:41.516;34.0;;;;;;;;;;;;;;
14:14:41.981;;;;-18.0;;;;;;-84.0;;;;;
14:14:41.981;;;18.5;;;;;;;;;;;;
14:14:42.518;34.2;;;;;;;;;;;;;;
14:14:42.661;;;;-15.0;;;;;;-81.0;;;;;
14:14:42.661;;;16.6;;;;;;;;;;;;
14:14:43.340;;;;-16.5;;;;;;-78.0;;;;;
14:14:43.340;;;12.6;;;;;;;;;;;;
14:14:43.525;33.6;;;;;;;;;;;;;;
14:14:44.059;;;;-15.0;;;;;;-81.0;;;;;
14:14:44.059;;;12.0;;;;;;;;;;;;
14:14:44.531;32.2;;;;;;;;;;;;;;
14:14:44.745;;;;-15.0;;;;;;-80.0;;;;;
14:14:44.745;;;9.8;;;;;;;;;;;;
14:14:45.426;;;;-16.0;;;;;;-79.0;;;;;
14:14:45.426;;;11.9;;;;;;;;;;;;
14:14:45.531;31.6;;;;;;;;;;;;;;
14:14:46.106;;;;-15.5;;;;;;-79.0;;;;;
14:14:46.106;;;15.8;;;;;;;;;;;;
14:14:46.531;39.9;;;;;;;;;;;;;;
14:14:46.786;;;;-15.0;;;;;;-81.0;;;;;
14:14:46.786;;;14.9;;;;;;;;;;;;
14:14:47.505;;;;-14.0;;;;;;-79.0;;;;;
14:14:47.505;;;10.0;;;;;;;;;;;;
14:14:47.531;29.2;;;;;;;;;;;;;;
14:14:48.185;;;;-8.5;;;;;;-78.0;;;;;
14:14:48.185;;;7.6;;;;;;;;;;;;
14:14:48.664;9.9;;;;;;;;;;;;;;
14:14:48.864;;;;-11.5;;;;;;-81.0;;;;;
14:14:48.864;;;8.6;;;;;;;;;;;;
14:14:49.543;;;;-14.5;;;;;;-84.0;;;;;
14:14:49.543;;;10.7;;;;;;;;;;;;
14:14:49.666;27.9;;;;;;;;;;;;;;
14:14:50.224;;;;-11.5;;;;;;-80.0;;;;;
14:14:50.224;;;11.9;;;;;;;;;;;;
14:14:50.666;21.1;;;;;;;;;;;;;;
14:14:50.903;;;;-14.0;;;;;;-85.0;;;;;
14:14:50.903;;;11.3;;;;;;;;;;;;
14:14:51.582;;;;-14.0;;;;;;-84.0;;;;;
14:14:51.582;;;13.8;;;;;;;;;;;;
14:14:51.674;26.7;;;;;;;;;;;;;;
14:14:52.260;;;;-13.0;;;;;;-82.0;;;;;
14:14:52.260;;;11.9;;;;;;;;;;;;
14:14:52.684;20.4;;;;;;;;;;;;;;
14:14:52.940;;;;-12.0;;;;;;-83.0;;;;;
14:14:52.940;;;12.0;;;;;;;;;;;;
14:14:53.620;;;;-11.5;;;;;;-78.0;;;;;
14:14:53.620;;;11.3;;;;;;;;;;;;
14:14:53.692;28.5;;;;;;;;;;;;;;
14:14:54.300;;;;-16.0;;;;;;-81.0;;;;;
14:14:54.300;;;13.5;;;;;;;;;;;;
14:14:54.695;32.7;;;;;;;;;;;;;;
14:14:54.980;;;;-16.5;;;;;;-81.0;;;;;
14:14:54.980;;;17.3;;;;;;;;;;;;
14:14:55.660;;;;-18.5;;;;;;-88.0;;;;;
14:14:55.660;;;20.8;;;;;;;;;;;;
14:14:55.711;51.9;;;;;;;;;;;;;;
14:14:56.344;;;;-16.0;;;;;;-85.0;;;;;
14:14:56.344;;;18.1;;;;;;;;;;;;
14:14:56.711;31.3;;;;;;;;;;;;;;
14:14:57.060;;;;-11.0;;;;;;-79.0;;;;;
14:14:57.060;;;10.8;;;;;;;;;;;;
14:14:57.740;;;;-9.5;;;;;;-77.0;;;;;
14:14:57.740;;;13.0;;;;;;;;;;;;
14:14:57.850;12.6;;;;;;;;;;;;;;
14:14:58.460;;;;-14.5;;;;;;-77.0;;;;;
14:14:58.460;;;17.3;;;;;;;;;;;;
14:14:58.851;34.9;;;;;;;;;;;;;;
14:14:59.142;;;;-13.0;;;;;;-77.0;;;;;
14:14:59.142;;;16.3;;;;;;;;;;;;
14:14:59.820;;;;-14.0;;;;;;-77.0;;;;;
14:14:59.820;;;17.4;;;;;;;;;;;;
14:14:59.852;31.1;;;;;;;;;;;;;;
14:15:00.500;;;;-13.5;;;;;;-78.0;;;;;
14:15:00.500;;;16.1;;;;;;;;;;;;
14:15:00.852;30.6;;;;;;;;;;;;;;
14:15:01.220;;;;-14.0;;;;;;-77.0;;;;;
14:15:01.220;;;15.5;;;;;;;;;;;;
14:15:01.939;;;;-11.5;;;;;;-76.0;;;;;
14:15:01.939;;;16.0;;;;;;;;;;;;
14:15:02.620;;;;-10.5;;;;;;-76.0;;;;;
14:15:02.620;;;16.1;;;;;;;;;;;;
14:15:03.299;;;;-11.5;;;;;;-77.0;;;;;
14:15:03.299;;;14.0;;;;;;;;;;;;
14:15:04.259;;;;-12.0;;;;;;-76.0;;;;;
14:15:04.259;;;14.4;;;;;;;;;;;;
14:15:05.220;;;;-11.0;;;;;;-76.0;;;;;
14:15:05.220;;;16.8;;;;;;;;;;;;
14:15:06.178;;;;-12.5;;;;;;-77.0;;;;;
14:15:06.178;;;14.6;;;;;;;;;;;;
14:15:07.463;;;;-13.5;;;;;;-78.0;;;;;
14:15:07.463;;;14.6;;;;;;;;;;;;
14:15:08.423;;;;-14.0;;;;;;-78.0;;;;;
14:15:08.423;;;18.6;;;;;;;;;;;;
14:15:09.383;;;;-13.5;;;;;;-79.0;;;;;
14:15:09.383;;;16.9;;;;;;;;;;;;
14:15:10.343;;;;-13.5;;;;;;-80.0;;;;;
14:15:10.343;;;14.0;;;;;;;;;;;;
14:15:11.303;;;;-13.5;;;;;;-80.0;;;;;
14:15:11.303;;;20.4;;;;;;;;;;;;
14:15:12.263;;;;-13.0;;;;;;-80.0;;;;;
14:15:12.263;;;13.4;;;;;;;;;;;;
14:15:13.223;;;;-12.5;;;;;;-80.0;;;;;
14:15:13.223;;;14.9;;;;;;;;;;;;
14:15:14.183;;;;-13.0;;;;;;-80.0;;;;;
14:15:14.183;;;18.8;;;;;;;;;;;;
14:15:15.973;;;19.3;;;;;;;;;;;;
14:15:17.264;;;22.1;;;;;;;;;;;;
14:15:17.766;;30;;;;;;;;;;;;;
14:15:17.982;;;;-14.5;;;;;;-80.0;;;;;
14:15:17.982;;;20.7;;;;;;;;;;;;
14:15:18.110;;38;;;;;;;;;;;;;
14:15:18.818;;;;-14.0;;;;;;-80.0;;;;;
14:15:18.818;;;19.6;;;;;;;;;;;;
14:15:19.320;;36;;;;;;;;;;;;;
14:15:19.728;;;;-12.5;;;;;;-79.0;;;;;
14:15:19.728;;;15.5;;;;;;;;;;;;
14:15:20.308;;35;;;;;;;;;;;;;
14:15:20.419;;;;-14.0;;;;;;-81.0;;;;;
14:15:20.419;;;13.3;;;;;;;;;;;;
14:15:21.149;;;;-13.5;;;;;;-80.0;;;;;
14:15:21.149;;;13.5;;;;;;;;;;;;
14:15:21.333;;33;;;;;;;;;;;;;
14:15:22.019;;;;-15.0;;;;;;-81.0;;;;;
14:15:22.019;;;10.1;;;;;;;;;;;;
14:15:22.331;;48;;;;;;;;;;;;;
14:15:22.978;;;;-16.5;;;;;;-80.0;;;;;
14:15:22.978;;;22.0;;;;;;;;;;;;
14:15:23.301;;42;;;;;;;;;;;;;
14:15:23.939;;;;-17.5;;;;;;-81.0;;;;;
14:15:23.939;;;20.5;;;;;;;;;;;;
14:15:24.351;;44;;;;;;;;;;;;;
14:15:24.899;;;;-15.5;;;;;;-80.0;;;;;
14:15:24.899;;;19.1;;;;;;;;;;;;
14:15:25.341;;39;;;;;;;;;;;;;
14:15:25.874;;;;-12.5;;;;;;-77.0;;;;;
14:15:25.874;;;18.4;;;;;;;;;;;;
14:15:26.654;;38;;;;;;;;;;;;;
14:15:26.819;;;;-16.5;;;;;;-81.0;;;;;
14:15:26.819;;;20.7;;;;;;;;;;;;
14:15:27.779;;;;-15.0;;;;;;-79.0;;;;;
14:15:27.779;;;20.2;;;;;;;;;;;;
14:15:29.062;;;;-12.5;;;;;;-75.0;;;;;
14:15:29.062;;;15.7;;;;;;;;;;;;
